Workbook

Sheet Dashboard
A1: INVENTORY CONTROL & STOCK ACCURACY DASHBOARD
A2: Professional portfolio project • Synthetic warehouse dataset • AED values used for demonstration
A4: Total SKUs | C4: Inventory Value | E4: Stock Accuracy | G4: Abs. Variance Qty
A5: =KPI_Calculations!B3 | C5: =KPI_Calculations!B4 | E5: =KPI_Calculations!B8 | G5: =KPI_Calculations!B7
A8: Stock Status | E8: Location Performance
A9: Status | B9: SKU Count | C9: Share | E9: Location | F9: SKU Count | G9: Variance Qty | H9: Accuracy %
A10: Accurate | B10: =COUNTIF(Raw_Data!N2:N121,A10) | C10: =B10/$B$13 | E10: =KPI_Calculations!D4 | F10: =KPI_Calculations!E4 | G10: =KPI_Calculations!G4 | H10: =KPI_Calculations!H4
A11: Shortage | B11: =COUNTIF(Raw_Data!N2:N121,A11) | C11: =B11/$B$13 | E11: =KPI_Calculations!D5 | F11: =KPI_Calculations!E5 | G11: =KPI_Calculations!G5 | H11: =KPI_Calculations!H5
A12: Excess | B12: =COUNTIF(Raw_Data!N2:N121,A12) | C12: =B12/$B$13 | E12: =KPI_Calculations!D6 | F12: =KPI_Calculations!E6 | G12: =KPI_Calculations!G6 | H12: =KPI_Calculations!H6
A13: Total | B13: =SUM(B10:B12) | C13: =SUM(C10:C12) | E13: =KPI_Calculations!D7 | F13: =KPI_Calculations!E7 | G13: =KPI_Calculations!G7 | H13: =KPI_Calculations!H7
E14: =KPI_Calculations!D8 | F14: =KPI_Calculations!E8 | G14: =KPI_Calculations!G8 | H14: =KPI_Calculations!H8
E15: =KPI_Calculations!D9 | F15: =KPI_Calculations!E9 | G15: =KPI_Calculations!G9 | H15: =KPI_Calculations!H9
A31: Management Action Areas
A32: 1. Investigate shortage SKUs and validate physical locations.
A33: 2. Review excess stock for slow-moving / duplicate inventory.
A34: 3. Prioritize locations with accuracy below 95%.
A35: 4. Close pending cycle counts to improve inventory visibility.
A36: 5. Record root causes and corrective actions for recurring variances.

Sheet Raw_Data
A1: SKU | B1: Description | C1: Category | D1: Location | E1: System Qty | F1: Physical Qty | G1: Unit Cost (AED) | H1: System Value (AED) | I1: Physical Value (AED) | J1: Variance Qty | K1: Abs Variance | L1: Accuracy % | M1: Aging (Days) | N1: Status | O1: Root Cause | P1: Cycle Count Status | Q1: Last Count Date
A2: SKU-0001 | B2: Connector | C2: Electrical | D2: WH-C02 | E2: 150 | F2: 150 | G2: 125.49 | H2: 18823.5 | I2: 18823.5 | J2: 0 | K2: 0 | L2: 1 | M2: 31 | N2: Accurate | O2: No Variance | P2: Completed | Q2: 46178
A3: SKU-0002 | B3: Torque Wrench | C3: Tools | D3: WH-A01 | E3: 57 | F3: 57 | G3: 433.51 | H3: 24710.07 | I3: 24710.07 | J3: 0 | K3: 0 | L3: 1 | M3: 11 | N3: Accurate | O3: No Variance | P3: Completed | Q3: 46210
A4: SKU-0003 | B4: Safety Vest | C4: Safety | D4: WH-A02 | E4: 239 | F4: 239 | G4: 689.54 | H4: 164800.06 | I4: 164800.06 | J4: 0 | K4: 0 | L4: 1 | M4: 6 | N4: Accurate | O4: No Variance | P4: Completed | Q4: 46205
A5: SKU-0004 | B5: Hand Tool Set | C5: Tools | D5: WH-B01 | E5: 89 | F5: 89 | G5: 650.86 | H5: 57926.54 | I5: 57926.54 | J5: 0 | K5: 0 | L5: 1 | M5: 31 | N5: Accurate | O5: No Variance | P5: Completed | Q5: 46124
A6: SKU-0005 | B6: Relay | C6: Electrical | D6: WH-B01 | E6: 319 | F6: 319 | G6: 44.59 | H6: 14224.21 | I6: 14224.21 | J6: 0 | K6: 0 | L6: 1 | M6: 122 | N6: Accurate | O6: No Variance | P6: Completed | Q6: 46123
A7: SKU-0006 | B7: Terminal Block | C7: Electrical | D7: WH-B01 | E7: 434 | F7: 434 | G7: 753.55 | H7: 327040.7 | I7: 327040.7 | J7: 0 | K7: 0 | L7: 1 | M7: 97 | N7: Accurate | O7: No Variance | P7: Completed | Q7: 46207
A8: SKU-0007 | B8: Connector | C8: Electrical | D8: WH-C02 | E8: 126 | F8: 124 | G8: 728.18 | H8: 91750.68 | I8: 90294.32 | J8: -2 | K8: 2 | L8: 0.9841 | M8: 30 | N8: Shortage | O8: Damaged Stock | P8: Completed | Q8: 46143
A9: SKU-0008 | B9: Adhesive | C9: Consumables | D9: WH-B01 | E9: 191 | F9: 191 | G9: 232.8 | H9: 44464.8 | I9: 44464.8 | J9: 0 | K9: 0 | L9: 1 | M9: 179 | N9: Accurate | O9: No Variance | P9: Completed | Q9: 46182
A10: SKU-0009 | B10: Gear | C10: Mechanical | D10: WH-C02 | E10: 135 | F10: 135 | G10: 327.5 | H10: 44212.5 | I10: 44212.5 | J10: 0 | K10: 0 | L10: 1 | M10: 168 | N10: Accurate | O10: No Variance | P10: Completed | Q10: 46202
A11: SKU-0010 | B11: Cleaning Kit | C11: Consumables | D11: WH-A02 | E11: 430 | F11: 430 | G11: 273.61 | H11: 117652.3 | I11: 117652.3 | J11: 0 | K11: 0 | L11: 1 | M11: 73 | N11: Accurate | O11: No Variance | P11: Completed | Q11: 46081
A12: SKU-0011 | B12: Ear Protection | C12: Safety | D12: WH-A02 | E12: 345 | F12: 345 | G12: 752.9 | H12: 259750.5 | I12: 259750.5 | J12: 0 | K12: 0 | L12: 1 | M12: 169 | N12: Accurate | O12: No Variance | P12: Pending | Q12: 46063
A13: SKU-0012 | B13: Adhesive | C13: Consumables | D13: WH-A02 | E13: 391 | F13: 391 | G13: 229.23 | H13: 89628.93 | I13: 89628.93 | J13: 0 | K13: 0 | L13: 1 | M13: 154 | N13: Accurate | O13: No Variance | P13: Pending | Q13: 46256
... A121: SKU-0120 | B121: Terminal Block | C121: Electrical | D121: WH-C02 | E121: 408 | F121: 406 | G121: 774.74 | H121: 316093.92 | I121: 314544.44 | J121: -2 | K121: 2 | L121: 0.9951 | M121: 132 | N121: Shortage | O121: Transaction Delay | P121: Completed | Q121: 46182

Sheet KPI_Calculations
A1: Inventory Control KPI Calculations
A3: Total SKU Count | B3: =COUNTA(Raw_Data!A2:A121) | D3: Location | E3: SKU Count | F3: System Value | G3: Variance Qty | H3: Accuracy %
A4: Total System Inventory Value (AED) | B4: =SUM(Raw_Data!H2:H121) | D4: WH-A01 | E4: =COUNTIF(Raw_Data!D2:D121,D4) | F4: =SUMIF(Raw_Data!D2:D121,D4,Raw_Data!H2:H121) | G4: =SUMIF(Raw_Data!D2:D121,D4,Raw_Data!J2:J121) | H4: =COUNTIFS(Raw_Data!D2:D121,D4,Raw_Data!N2:N121,"Accurate")/COUNTIF(Raw_Data!D2:D121,D4)
A5: Total Physical Inventory Value (AED) | B5: =SUM(Raw_Data!I2:I121) | D5: WH-A02 | E5: =COUNTIF(Raw_Data!D2:D121,D5) | F5: =SUMIF(Raw_Data!D2:D121,D5,Raw_Data!H2:H121) | G5: =SUMIF(Raw_Data!D2:D121,D5,Raw_Data!J2:J121) | H5: =COUNTIFS(Raw_Data!D2:D121,D5,Raw_Data!N2:N121,"Accurate")/COUNTIF(Raw_Data!D2:D121,D5)
A6: Total Variance Quantity | B6: =SUM(Raw_Data!J2:J121) | D6: WH-B01 | E6: =COUNTIF(Raw_Data!D2:D121,D6) | F6: =SUMIF(Raw_Data!D2:D121,D6,Raw_Data!H2:H121) | G6: =SUMIF(Raw_Data!D2:D121,D6,Raw_Data!J2:J121) | H6: =COUNTIFS(Raw_Data!D2:D121,D6,Raw_Data!N2:N121,"Accurate")/COUNTIF(Raw_Data!D2:D121,D6)
A7: Absolute Variance Quantity | B7: =SUM(Raw_Data!K2:K121) | D7: WH-B02 | E7: =COUNTIF(Raw_Data!D2:D121,D7) | F7: =SUMIF(Raw_Data!D2:D121,D7,Raw_Data!H2:H121) | G7: =SUMIF(Raw_Data!D2:D121,D7,Raw_Data!J2:J121) | H7: =COUNTIFS(Raw_Data!D2:D121,D7,Raw_Data!N2:N121,"Accurate")/COUNTIF(Raw_Data!D2:D121,D7)
A8: Overall Stock Accuracy % | B8: =COUNTIF(Raw_Data!N2:N121,"Accurate")/COUNTA(Raw_Data!A2:A121) | D8: WH-C01 | E8: =COUNTIF(Raw_Data!D2:D121,D8) | F8: =SUMIF(Raw_Data!D2:D121,D8,Raw_Data!H2:H121) | G8: =SUMIF(Raw_Data!D2:D121,D8,Raw_Data!J2:J121) | H8: =COUNTIFS(Raw_Data!D2:D121,D8,Raw_Data!N2:N121,"Accurate")/COUNTIF(Raw_Data!D2:D121,D8)
A9: Accurate SKUs | B9: =COUNTIF(Raw_Data!N2:N121,"Accurate") | D9: WH-C02 | E9: =COUNTIF(Raw_Data!D2:D121,D9) | F9: =SUMIF(Raw_Data!D2:D121,D9,Raw_Data!H2:H121) | G9: =SUMIF(Raw_Data!D2:D121,D9,Raw_Data!J2:J121) | H9: =COUNTIFS(Raw_Data!D2:D121,D9,Raw_Data!N2:N121,"Accurate")/COUNTIF(Raw_Data!D2:D121,D9)
A10: Shortage SKUs | B10: =COUNTIF(Raw_Data!N2:N121,"Shortage")
A11: Excess SKUs | B11: =COUNTIF(Raw_Data!N2:N121,"Excess") | D11: Category | E11: SKU Count | F11: System Value | G11: Shortage | H11: Excess
A12: Cycle Counts Completed | B12: =COUNTIF(Raw_Data!P2:P121,"Completed") | D12: Electrical | E12: =COUNTIF(Raw_Data!C2:C121,D12) | F12: =SUMIF(Raw_Data!C2:C121,D12,Raw_Data!H2:H121) | G12: =COUNTIFS(Raw_Data!C2:C121,D12,Raw_Data!N2:N121,"Shortage") | H12: =COUNTIFS(Raw_Data!C2:C121,D12,Raw_Data!N2:N121,"Excess")
A13: Cycle Count Completion % | B13: =COUNTIF(Raw_Data!P2:P121,"Completed")/COUNTA(Raw_Data!A2:A121) | D13: Mechanical | E13: =COUNTIF(Raw_Data!C2:C121,D13) | F13: =SUMIF(Raw_Data!C2:C121,D13,Raw_Data!H2:H121) | G13: =COUNTIFS(Raw_Data!C2:C121,D13,Raw_Data!N2:N121,"Shortage") | H13: =COUNTIFS(Raw_Data!C2:C121,D13,Raw_Data!N2:N121,"Excess")
D14: Consumables | E14: =COUNTIF(Raw_Data!C2:C121,D14) | F14: =SUMIF(Raw_Data!C2:C121,D14,Raw_Data!H2:H121) | G14: =COUNTIFS(Raw_Data!C2:C121,D14,Raw_Data!N2:N121,"Shortage") | H14: =COUNTIFS(Raw_Data!C2:C121,D14,Raw_Data!N2:N121,"Excess")
D15: Tools | E15: =COUNTIF(Raw_Data!C2:C121,D15) | F15: =SUMIF(Raw_Data!C2:C121,D15,Raw_Data!H2:H121) | G15: =COUNTIFS(Raw_Data!C2:C121,D15,Raw_Data!N2:N121,"Shortage") | H15: =COUNTIFS(Raw_Data!C2:C121,D15,Raw_Data!N2:N121,"Excess")
D16: Safety | E16: =COUNTIF(Raw_Data!C2:C121,D16) | F16: =SUMIF(Raw_Data!C2:C121,D16,Raw_Data!H2:H121) | G16: =COUNTIFS(Raw_Data!C2:C121,D16,Raw_Data!N2:N121,"Shortage") | H16: =COUNTIFS(Raw_Data!C2:C121,D16,Raw_Data!N2:N121,"Excess")

Sheet Project_ReadMe
A1: PROJECT: Inventory Control & Stock Accuracy Dashboard
A3: Project Type | B3: Professional portfolio project / simulated warehouse analytics
A4: Objective | B4: Monitor inventory accuracy, identify stock discrepancies, track excess/shortage and support warehouse decision-making.
A5: Business Problem | B5: System stock and physical stock can differ because of counting errors, location errors, delayed transactions and unidentified movements.
A6: Solution | B6: A structured inventory dataset with KPI calculations and an executive dashboard for stock accuracy, variance and warehouse performance.
A7: Tools | B7: Microsoft Excel; formulas; conditional formatting; charts. The dataset can also be imported into Power BI.
A8: Key KPIs | B8: Total SKUs, inventory value, stock accuracy %, absolute variance, shortage SKUs, excess SKUs, cycle-count completion %.
A9: Data Note | B9: All records are synthetic and created only for portfolio demonstration. No confidential employer/customer data is used.
A10: Recommended Next Step | B10: Recreate the dashboard in Power BI using Raw_Data as the source and publish screenshots / a project case study on the portfolio.
